route_point,x,y
0,0.0,0.0
1,0,0
2,0.0443,-0.0194
3,0.0973,-0.0194
4,0.1962,-0.0194
5,0.3322,-0.0194
6,0.4763,-0.0194
7,0.6183,-0.0194
8,0.7287,-0.0194
9,0.8126,-0.0194
10,0.8953,-0.0194
11,0.9695,-0.0194
12,1.0404,-0.0194
13,1.0938,-0.0194
14,1.1364,-0.0194
15,1.1785,-0.0194
16,1.2166,-0.0194
17,1.2775,-0.0168
18,1.3284,-0.0097
19,1.3654,-0.0035
20,1.3657,0.036
21,1.3375,0.062
22,1.3093,0.0888
23,1.2736,0.1282
24,1.2378,0.1721
25,1.2056,0.214
26,1.1771,0.2638
27,1.1558,0.3104
28,1.1431,0.3452
29,1.1265,0.4309
30,1.1089,0.5394
31,1.0918,0.6687
32,1.0771,0.7963
33,1.0675,0.9105
34,1.0643,0.9975
35,1.0643,1.0559
36,1.0643,1.0918
37,1.0643,1.132
38,1.0987,1.1213
39,1.1409,1.0974
40,1.1798,1.0801
41,1.2247,1.061
42,1.2678,1.0451
43,1.3047,1.0344
44,1.3432,1.0252
45,1.3838,1.0184
46,1.4249,1.0152
47,1.473,1.0127
48,1.5254,1.01
49,1.5802,1.0069
50,1.6318,1.0038
51,1.6726,1.0024
52,1.7339,1.0024
53,1.778,1.0024
54,1.8194,1.005
55,1.8616,1.0113
56,1.898,1.0158
57,1.9471,1.0207
58,1.9816,1.0253
59,2.0389,1.0629
60,2.0827,1.1093
61,2.1026,1.1501
62,2.1107,1.1904
63,2.1131,1.2372
64,2.1116,1.297
65,2.1044,1.3316
66,2.0816,1.3955
67,2.07,1.4319
68,2.0568,1.4707
69,2.0428,1.508
70,2.0274,1.5462
71,2.0141,1.5812
72,1.9996,1.616
73,1.9845,1.6484
74,1.9553,1.6972
75,1.928,1.7334
76,1.8922,1.7715
77,1.8525,1.8151
78,1.8054,1.8599
79,1.7762,1.882
80,1.7319,1.9094
81,1.55,2.05
